,smiles,logP,qed,SAS
0,CC1=NCC[C@@H](C(=O)O)N1,0,0,0
1,CCC1(c2cccc(O)c2)CCCCN(C)C1,0,0,0
2,Nc1nc(=O)n([C@@H]2CS[C@H](CO)O2)cc1F,0,0,0
3,CCC(=O)N(c1ccccc1)C1(COC)CCN(CCn2nnn(CC)c2=O)CC1,0,0,0
4,OCC1OC(n2cnc3cncnc32)C(O)C1O,0,0,0
5,Cc1cc(-c2cc(C)c(N)c(C)c2)cc(C)c1N,0,0,0
6,O=c1c(O)c(-c2ccc(OC3OC(CO)C(O)C(O)C3O)c(O)c2)oc2cc(O)cc(O)c12,0,0,0
7,O=c1c(O)c(-c2ccc(O[C@@H]3O[C@H](CO)[C@@H](O)[C@H](O)[C@H]3O)c(O)c2)oc2cc(O)cc(O)c12,0,0,0
8,CCCCCCCCCCCCCCCC(=O)NCCO,0,0,0
9,O=C1c2c(O)cc(O)cc2O[C@H](c2ccc(O)c(O)c2)[C@H]1O,0,0,0
10,O=C1c2c(O)cc(O)cc2OC(c2ccc(O)c(O)c2)C1O,0,0,0
11,O=C(O)c1cc(=O)[nH]c(=O)n1[C@@H]1O[C@H](CO)[C@@H](O)[C@H]1O,0,0,0
12,O=C1CN(N=Cc2ccc(-c3ccc([N+](=O)[O-])cc3)o2)C(=O)N1,0,0,0
13,COc1ccc(C=CC(=O)O)cc1,0,0,0
14,COc1ccc(/C=C/C(=O)O)cc1,0,0,0
15,O=[N+]([O-])c1ccc(NC(O)=NCc2cccnc2)cc1,0,0,0
16,NC(=O)NCCCC[C@H](N)C(=O)O,0,0,0
17,CC(=O)OCC(=O)[C@@]12OC(C)(C)O[C@@H]1C[C@H]1[C@@H]3C[C@H](F)C4=CC(=O)C=C[C@]4(C)[C@@]3(F)[C@@H](O)C[C@@]12C,0,0,0
18,OC[C@H]1O[C@H](O[C@H]2[C@H](O)[C@@H](O)[C@@H](O[C@H]3[C@H](O)[C@@H](O)[C@@H](O[C@H]4[C@H](O)[C@@H](O)C(O)O[C@@H]4CO)O[C@@H]3CO)O[C@@H]2CO)[C@H](O)[C@@H](O)[C@@H]1O,0,0,0
19,C=CC1=C(C(=O)O)N2C(=O)[C@@H](NC(=O)/C(=N\OCC(=O)O)c3csc(N)n3)[C@H]2SC1,0,0,0
20,O=C(O)C1(C(O)=Nc2ccc(Cl)cc2Cl)CC1,0,0,0
21,COc1ccc(C2CN=C(O)C2)cc1OC1CCCC1,0,0,0
22,COc1cc2c3cc1Oc1cc(ccc1O)C[C@@H]1c4c(cc(OC)c(O)c4Oc4ccc(cc4)C[C@@H]3N(C)CC2)CC[N+]1(C)C,0,0,0
23,CCc1cc(C(N)=S)ccn1,0,0,0
24,COc1cc(C(O)CN)ccc1O,0,0,0
25,CC(C)(C)NCC(O)c1cc(O)cc(O)c1,0,0,0
26,O=C(O)Cc1ccccc1,0,0,0
27,CC[C@]1(O)C[C@H]2CN(CCc3c([nH]c4ccccc34)[C@@](C(=O)OC)(c3cc4c(cc3OC)N(C=O)[C@H]3[C@@](O)(C(=O)OC)[C@H](OC(C)=O)[C@]5(CC)C=CCN6CC[C@]43[C@@H]65)C2)C1,0,0,0
28,CC1=C[C@H](O)CC(C)(C)[C@H]1/C=C/C(C)=C/C=C/C(C)=C/C=C/C=C(C)/C=C/C=C(C)/C=C/C1=C(C)C[C@@H](O)CC1(C)C,0,0,0
29,COc1cc2c(c3oc(=O)c4c(c13)CCOC4=O)C1C=COC1O2,0,0,0
30,CS(=O)(=O)c1ccc(C(O)C(CF)NC(=O)C(Cl)Cl)cc1,0,0,0
31,CN=C(O)c1cccnc1,0,0,0
32,O=C(O)CCCCC(O)CC(=O)O,0,0,0
33,Cn1c(=O)[nH]c(=O)c2c1[nH]c(=O)n2C,0,0,0
34,O=C1CC(c2ccc(OC3OC(CO)C(O)C(O)C3O)cc2)Oc2cc(O)ccc21,0,0,0
35,C[C@H](CCC(=O)NCCS(=O)(=O)O)[C@H]1CC[C@H]2[C@@H]3CC[C@@H]4C[C@H](O)CC[C@]4(C)[C@H]3C[C@H](O)[C@]12C,0,0,0
36,CCCCOCN(C(=O)CCl)c1c(CC)cccc1CC,0,0,0
37,O=c1c(OC2OC(CO)C(O)C(O)C2O)c(-c2cc(O)c(O)c(OC3OC(CO)C(O)C(O)C3O)c2)oc2cc(O)cc(O)c12,0,0,0
38,Nc1cccc2c1CN(C1CCC(=O)NC1=O)C2=O,0,0,0
39,COc1ccc(C)cc1N,0,0,0
40,O=C(N=C(O)c1c(F)cccc1F)Nc1cc(Cl)c(OC(F)(F)C(F)C(F)(F)F)cc1Cl,0,0,0
41,COCCCOc1cc(C[C@@H](C[C@H](N)[C@@H](O)C[C@H](C(=O)NCC(C)(C)C(N)=O)C(C)C)C(C)C)ccc1OC,0,0,0
42,CC(=O)[C@H]1CC[C@H]2[C@@H]3CCC4=CC(=O)CC[C@]4(C)[C@H]3CC[C@]12C,0,0,0
43,CCOC(=O)CC(=O)O,0,0,0
44,C#CCN(C)Cc1ccccc1,0,0,0
45,OC[C@@H](O)[C@@H](O[C@H]1O[C@H](CO)[C@@H](O)[C@H](O)[C@H]1O)[C@H](O)[C@@H](O)CO,0,0,0
46,OC[C@@H](O)[C@@H](O[C@@H]1O[C@H](CO)[C@H](O)[C@H](O)[C@H]1O)[C@H](O)[C@@H](O)CO,0,0,0
47,CCCN(CCC)N=O,0,0,0
48,COc1c(O)cc2oc3cc(O)c(CC=C(C)C)c(O)c3c(=O)c2c1CC=C(C)C,0,0,0
49,CC(C)=CCNc1ncnc2c1ncn2[C@@H]1O[C@H](CO)[C@@H](O)[C@H]1O,0,0,0
50,CC(C)=CCC/C(C)=C/CC/C(C)=C/CC[C@]1(C)CCc2c(C)c(O)c(C)c(C)c2O1,0,0,0
51,O=C(CCCN1CCN(c2ccccn2)CC1)c1ccc(F)cc1,0,0,0
52,CCOC(=O)C1=C(COCCN)NC(C)=C(C(=O)OC)C1c1ccccc1Cl,0,0,0
53,CCCC(O)=NC1CCOC1=O,0,0,0
54,NC(=O)c1ncn([C@@H]2O[C@H](COP(=O)(O)O)[C@@H](O)[C@H]2O)c1N,0,0,0
55,COc1cc(C(=O)O)cc(OC)c1O,0,0,0
56,CC(O)CC(=O)NC1CCOC1=O,0,0,0
57,CCCCCCCCC[C@H](O)CC(=O)O,0,0,0
58,O=S(=O)(O)C(F)(F)C(F)(F)C(F)(F)C(F)(F)F,0,0,0
59,OCC(O)c1ccc(O)c(O)c1,0,0,0
60,O=C(C1CCCCC1)N1CC(=O)N2CCc3ccccc3C2C1,0,0,0
61,CC[C@H](O)C(=O)O,0,0,0
62,C=CC12CN(C)C3C4COC(CC41)C1(C(=O)Nc4ccccc41)C32,0,0,0
63,COc1cc(O)c2c(=O)c(OC)c(-c3ccc(O)c(O)c3)oc2c1,0,0,0
64,C[C@@H]1O[C@@H](O[C@H]2[C@H](O[C@H]3[C@H](O[C@H]4CC[C@@]5(C)[C@@H](CC[C@]6(C)[C@@H]5CC=C5[C@@H]7CC(C)(C)C[C@@H](O)[C@]7(C)CC[C@]56C)[C@@]4(C)CO)O[C@H](C(=O)O)[C@@H](O)[C@@H]3O)O[C@H](CO)[C@H](O)[C@@H]2O)[C@H](O)[C@H](O)[C@H]1O,0,0,0
65,NC[C@H](O)CC[C@H](N)C(=O)O,0,0,0
66,NCC(O)CCC(N)C(=O)O,0,0,0
67,CN(C)c1ccc(N=Nc2ccccc2C(=O)O)cc1,0,0,0
68,CC/C=C\C/C=C\C/C=C\C/C=C\C/C=C\C/C=C\CCC(=O)O,0,0,0
69,c1coc(CNc2nc[nH]c3ncnc2-3)c1,0,0,0
70,CC1=C(/C=C/C(C)=C\C=C\C(C)=C\C=C\C=C(C)\C=C\C=C(C)\C=C\C2=C(C)CCCC2(C)C)C(C)(C)CCC1,0,0,0
71,CC1=C(/C=C/C(C)=C/C=C/C(C)=C/C=C/C=C(C)/C=C/C=C(C)/C=C/C2=C(C)CCCC2(C)C)C(C)(C)CCC1,0,0,0
72,CNC(=S)N(C)C,0,0,0
73,CCCCCCCCCc1ccc(O)cc1,0,0,0
74,OCC1OCC(O)C(O)C1O,0,0,0
75,OC[C@H]1OC[C@H](O)[C@@H](O)[C@@H]1O,0,0,0
76,O=C1CN=C(c2ccccc2)c2cc(Cl)ccc2N1CC1CC1,0,0,0
77,COc1c2c(cc3oc(=O)ccc13)OC(C)(C)C=C2,0,0,0
78,Cc1cc2c(cc1C)N(C[C@H](O)[C@H](O)[C@H](O)COP(=O)(O)OP(=O)(O)OC[C@H]1O[C@@H](n3cnc4c(N)ncnc43)[C@H](O)[C@@H]1O)c1nc(O)nc(O)c1N2,0,0,0
79,O=C(O)CCCCCO,0,0,0
80,COc1cc(CC(C)C(C)Cc2ccc3c(c2)OCO3)ccc1O,0,0,0
81,Nc1nc2c(ncn2[C@@H]2O[C@@H]3COP(=O)(O)O[C@H]3[C@H]2O)c(=O)[nH]1,0,0,0
82,CC(C)N1C(=O)c2ccccc2NS1(=O)=O,0,0,0
83,CC(=O)/C=C/c1ccccc1,0,0,0
84,CC[C@@H](N)C(=O)O,0,0,0
85,CC[C@H](N)C(=O)O,0,0,0
86,CCC(N)C(=O)O,0,0,0
87,CC(=O)N[C@@H](CCCNC(=N)N)C(=O)O,0,0,0
88,Nc1ccc(C(=O)O)cc1,0,0,0
89,OC[C@H]1O[C@H](OC[C@H]2O[C@@H](O)[C@H](O)[C@@H](O)[C@@H]2O)[C@H](O)[C@@H](O)[C@@H]1O,0,0,0
90,O=C(O)CCc1ccc(O)cc1,0,0,0
91,O=C(O)c1cc(O)c2c(c1)C(C1c3cc(C(=O)O)cc(O)c3C(=O)c3c(OC4OC(CO)C(O)C(O)C4O)cccc31)c1cccc(OC3OC(CO)C(O)C(O)C3O)c1C2=O,0,0,0
92,O=C(O)c1cc(O)c2c(c1)[C@H]([C@H]1c3cc(C(=O)O)cc(O)c3C(=O)c3c(O[C@@H]4O[C@H](CO)[C@@H](O)[C@H](O)[C@H]4O)cccc31)c1cccc(O[C@@H]3O[C@H](CO)[C@@H](O)[C@H](O)[C@H]3O)c1C2=O,0,0,0
93,CCCSP(=O)(OCC)SCCC,0,0,0
94,CCCCC/C=C/C/C=C/CCCCCCCC(=O)O,0,0,0
95,CCCCC/C=C\C/C=C\CCCCCCCC(=O)O,0,0,0
96,COc1cc(C(=O)C(O)CO)ccc1O,0,0,0
97,CC(=O)N[C@H]1[C@@H](O[P@@](=O)(O)O[P@@](=O)(O)OC[C@H]2O[C@@H](n3ccc(=O)[nH]c3=O)[C@H](O)[C@@H]2O)O[C@H](CO)[C@H](O)[C@@H]1O,0,0,0
98,CC(O)=NC1C(OP(=O)(O)OP(=O)(O)OCC2OC(n3ccc(O)nc3=O)C(O)C2O)OC(CO)C(O)C1O,0,0,0
99,CC(=O)N[C@H]1[C@@H](OP(=O)(O)OP(=O)(O)OC[C@H]2O[C@@H](n3ccc(=O)[nH]c3=O)[C@H](O)[C@@H]2O)O[C@H](CO)[C@@H](O)[C@@H]1O,0,0,0
100,CC1OC(OC2C(CO)OC(OC(C(O)CO)C(O)C(O)C=O)C(O)C2O)C(O)C(O)C1NC1C=C(CO)C(O)C(O)C1O,0,0,0
101,Cc1cc(Cl)ccc1O,0,0,0
102,CCCCc1oc2ccc(NS(C)(=O)=O)cc2c1C(=O)c1ccc(OCCCN(CCCC)CCCC)cc1,0,0,0
103,FC(F)(F)c1cccc(N2CCNCC2)c1,0,0,0
104,CCOC(=O)c1ccc(OC(=O)CCCCCNC(=N)N)cc1,0,0,0
105,C[C@]12CCC(=O)C[C@@H]1CC[C@@H]1[C@@H]2CC[C@]2(C)[C@@H](O)CC[C@@H]12,0,0,0
106,Nc1c2c(nc3ccccc13)CCCC2,0,0,0
107,CCN(CC)CCNC(=O)c1ccc(N)cc1,0,0,0
108,O=C(O)C1CCCCN1,0,0,0
109,O=C(O)[C@@H]1CCCCN1,0,0,0
110,NC(=O)N1c2ccccc2CC(=O)c2ccccc21,0,0,0
111,CC(=O)OCC(=O)[C@@]12OC3(CCCC3)O[C@@H]1C[C@H]1[C@@H]3CCC4=CC(=O)C=C[C@]4(C)[C@@]3(F)[C@@H](O)C[C@@]12C,0,0,0
112,O=C1c2ccccc2C(=O)c2c(O)c(O)cc(O)c21,0,0,0
113,NCC(CC[C@H](N)C(=O)O)O[C@@H]1O[C@H](CO)[C@H](O)[C@H](O)[C@H]1O[C@H]1O[C@H](CO)[C@@H](O)C(O)[C@H]1O,0,0,0
114,CN1COCN(Cc2cnc(Cl)s2)C1=N[N+](=O)[O-],0,0,0
115,Nc1nc2c(nc(O)n2[C@H]2C[C@H](O)[C@@H](CO)O2)c(=O)[nH]1,0,0,0
116,CC(C)(C)c1ccc(C(O)CCCN2CCC(C(O)(c3ccccc3)c3ccccc3)CC2)cc1,0,0,0
117,O=C(OC1OC(CO)C(O)C(O)C1O)c1cc(O)c(O)c(O)c1,0,0,0
118,O=C(O)CCNC(=O)c1ccccc1,0,0,0
119,CC(C)=CCc1c(O)cc2oc3cc(O)c(O)c(CC=C(C)C)c3c(=O)c2c1O,0,0,0
120,Cn1cnc(C[C@H](N)C(=O)O)c1,0,0,0
121,C[C@H](N)C(=O)NCC(=O)O,0,0,0
122,COc1ccc(-c2oc3cc(O)ccc3c(=O)c2O)cc1O,0,0,0
123,C[C@]12CC[C@H]3[C@@H](CCC4=CC(=O)CC[C@@]43C)[C@@H]1CC[C@@H]2C(=O)CO,0,0,0
124,OC[C@H]1O[C@@H](Oc2cc3c(O)cc(O)cc3[o+]c2-c2cc(O)c(O)c(O)c2)[C@H](O)[C@@H](O)[C@@H]1O,0,0,0
125,C[N+](C)(C)[O-],0,0,0
126,Cc1cc(C)cc(OCC2CNC(=O)O2)c1,0,0,0
127,NCC(CC(=O)O)c1ccc(Cl)cc1,0,0,0
128,C[C@H](N)C(=O)N[C@@H](CCC(N)=O)C(=O)O,0,0,0
129,COc1cc(O)c2c(=O)c(-c3ccc(O)cc3)coc2c1,0,0,0
130,C/N=C(\NC)NCCC[C@H](N)C(=O)O,0,0,0
131,CC(C)c1c(CN(C)C(C)Cc2ccccc2)n(C)n(-c2ccccc2)c1=O,0,0,0
132,Oc1c(Cl)cc(Cl)cc1Sc1cc(Cl)cc(Cl)c1O,0,0,0
133,CC(C)(C)NCC(O)COc1nsnc1N1CCOCC1,0,0,0
134,O=C(O[C@@H]1Cc2c(O)cc(O)cc2O[C@@H]1c1cc(O)c(O)c(O)c1)c1cc(O)c(O)c(O)c1,0,0,0
135,O=C(O[C@@H]1Cc2c(O)cc(O)cc2O[C@H]1c1cc(O)c(O)c(O)c1)c1cc(O)c(O)c(O)c1,0,0,0
136,CC(=O)NC(Cc1ccccc1)C(=O)O,0,0,0
137,CC(=O)N[C@@H](Cc1ccccc1)C(=O)O,0,0,0
138,CC(N)C12CC3CC(CC(C3)C1)C2,0,0,0
139,CCCCC/C=C\C/C=C\C/C=C\C=C\[C@@H](O)CCCC(=O)O,0,0,0
140,CC(C)=CCC/C(C)=C/CC/C(C)=C/COP(=O)(O)OP(=O)(O)O,0,0,0
141,C#CCNC(C)Cc1ccccc1,0,0,0
142,CC1C=CC=CCCC=CC=CC=CC=CC(OC2OC(C)C(O)C(N)C2O)CC2OC(O)(CC(O)C(O)CCC(O)CC(O)CC(O)CC(=O)OC(C)C(C)C1O)CC(O)C2C(=O)O,0,0,0
143,Cn1c(=O)[nH]c2[nH]c(=O)n(C)c2c1=O,0,0,0
144,COc1cc(-c2oc3cc(O)cc(O)c3c(=O)c2O)cc(O)c1O,0,0,0
145,NC(=O)N/N=C/c1ccc([N+](=O)[O-])o1,0,0,0
146,CC(C)(C)NC(=O)[C@@H]1CN(Cc2cccnc2)CCN1C[C@@H](O)C[C@@H](Cc1ccccc1)C(=O)N[C@H]1c2ccccc2C[C@H]1O,0,0,0
147,CC(Oc1ccc(Oc2ccc(C(F)(F)F)cn2)cc1)C(=O)O,0,0,0
148,O=C(O)CCCCCCCCC(=O)O,0,0,0
149,C=C1CC(=CC)C(=O)OC2CCN3CC=C(COC(=O)C1(C)O)C23,0,0,0
150,COc1ccc(-c2cc(=O)c3c(O)c(OC)c(O)c(OC)c3o2)cc1,0,0,0
151,O=C(O[C@@H]1Cc2c(O)cc(O)cc2O[C@@H]1c1cc(O)c(O)c(O)c1-c1c([C@H]2Oc3cc(O)cc(O)c3C[C@H]2OC(=O)c2cc(O)c(O)c(O)c2)cc(O)c(O)c1O)c1cc(O)c(O)c(O)c1,0,0,0
152,Fc1ccc([C@@H]2CCNC[C@H]2COc2ccc3c(c2)OCO3)cc1,0,0,0
153,CN1CCN(c2nc3cc(C(F)(F)F)ccc3n3cccc23)CC1,0,0,0
154,CCOC(=O)c1cncn1[C@H](C)c1ccccc1,0,0,0
155,N#C[S-],0,0,0
156,Cn1cnc2c1c(O)nc(=O)n2C,0,0,0
157,CC/C=C\C[C@H]1C(=O)CC[C@@H]1CC(=O)OC,0,0,0
158,COc1ccc(/C=C/C(=O)O)cc1OC,0,0,0
159,CN1CC(=O)N2[C@H](c3ccc4c(c3)OCO4)c3[nH]c4ccccc4c3C[C@@H]2C1=O,0,0,0
160,O=C(O)c1cc(=O)c2ccccc2[nH]1,0,0,0
161,COC(=O)c1ccc(O)cc1,0,0,0
162,CCC(=O)N(c1ccccc1)C1CCNCC1,0,0,0
163,O=C1C=CC(=O)C=C1,0,0,0
164,CC1(C(=O)O)CCC2(C)CCC3(C)C(=CCC4C5(C)CCC(OC6OC(C(=O)O)C(O)C(O)C6OC6OC(C(=O)O)C(O)C(O)C6O)C(C)(CO)C5CCC43C)C2C1,0,0,0
165,CCOP(O)(=S)OCC,0,0,0
166,CCCCC(C)C(OC(=O)CC(CC(=O)O)C(=O)O)C(CC(C)CCCCCCC(O)CC(O)C(C)N)OC(=O)CC(CC(=O)O)C(=O)O,0,0,0
167,COc1ccc(C(Cl)=C(c2ccc(OC)cc2)c2ccc(OC)cc2)cc1,0,0,0
168,CCCCC(=O)NCC(=O)O,0,0,0
169,COc1cc(C=Cc2ccc(O)cc2)cc(OC)c1,0,0,0
170,CC(C)=CCc1c(O)cc2c(c1O)C(=O)CC(c1ccc(O)cc1)O2,0,0,0
171,CCC(=O)N(c1ccccc1)C1CCN(CCc2ccccc2)CC1,0,0,0
172,Cc1ccc(N=C=O)cc1N=C=O,0,0,0
173,CC(C)=CC1C(C(=O)OCc2cccc(Oc3ccccc3)c2)C1(C)C,0,0,0
174,Cc1cc(-c2ccc(N)c(C)c2)ccc1N,0,0,0
175,O=C(O)CNC(=O)c1cccc(O)c1,0,0,0
176,Cc1onc(-c2ccccc2)c1C(=O)N[C@@H]1C(=O)N2[C@@H]1SC(C)(C)[C@@H]2C(=O)O,0,0,0
177,Cc1ccccc1C(OCCN(C)C)c1ccccc1,0,0,0
178,NCCc1ccccc1,0,0,0
179,CN(C)C(=O)Nc1ccc(Cl)c(Cl)c1,0,0,0
180,CCc1occc(=O)c1O,0,0,0
181,COc1ccc2c(c1)c(CC(=O)OCC(=O)O)c(C)n2C(=O)c1ccc(Cl)cc1,0,0,0
182,NC(=O)N1c2ccccc2C=Cc2cc(O)ccc21,0,0,0
183,C/C=C/C(=O)O,0,0,0
184,CCCCCCCC/C=C\CCCCCCCCCCCC(=O)OC[C@H](COP(=O)([O-])OCC[N+](C)(C)C)OC(=O)CCCCCCCCCCC/C=C\CCCCCCCC,0,0,0
185,CN(C)c1ccc(C=O)cc1,0,0,0
186,CN(C)CC[C@@H](c1ccc(Br)cc1)c1ccccn1,0,0,0
187,CN(C)CCC(c1ccc(Br)cc1)c1ccccn1,0,0,0
188,COc1ccc(-c2coc3cc(OC4OC(COC(=O)CC(=O)O)C(O)C(O)C4O)c(OC)cc3c2=O)cc1,0,0,0
189,CN(C)CCCN1c2ccccc2CCc2ccc(Cl)cc21,0,0,0
190,CC(=O)N[C@@H](Cc1ccc(O)cc1)C(=O)O,0,0,0
191,CC1=C(/C=C/C(C)=C/C=C/C(C)=C/C=O)C(C)(C)CCC1,0,0,0
192,CC(C)(C)c1ccc(O)c(O)c1,0,0,0
193,O=C(OCC1OC(OC(=O)c2cc(O)c(O)c(O)c2)C(O)C(O)C1O)c1cc(O)c(O)c(O)c1,0,0,0
194,CCOP(=S)(OCC)Oc1ccc([N+](=O)[O-])cc1,0,0,0
195,Nc1ccccc1C(=O)O,0,0,0
196,CCOC(=O)C1(c2ccccc2)CCN(C)CC1,0,0,0
197,Cc1nc2ccccn2c(=O)c1CCN1CCC(C(=O)c2ccc(F)cc2)CC1,0,0,0
198,NCC(=O)NCC(=O)O,0,0,0
199,CC1=NN(c2ccccc2)C(=O)C1,0,0,0
200,CC(C)(C)NCC(O)c1cc(Cl)c(N)c(Cl)c1,0,0,0
201,N[C@@H](CSSC[C@H](N)C(=O)O)C(=O)O,0,0,0
202,NC(CSSCC(N)C(=O)O)C(=O)O,0,0,0
203,CCNC(C)Cc1cccc(C(F)(F)F)c1,0,0,0
204,CCCCCCCC/C=C\CCCCCCCCCC(=O)O,0,0,0
205,CCCCC(=O)C(=O)O,0,0,0
206,O=C1Cc2cc(CCN3CCN(c4nsc5ccccc45)CC3)c(Cl)cc2N1,0,0,0
207,CCCOC(=O)c1ccc(O)cc1,0,0,0
208,CN1Cc2c(ccc3c2OCO3)C2C(O)Cc3cc4c(cc3C21)OCO4,0,0,0
209,CCN=C(O)CC[C@H](N)C(=O)O,0,0,0
210,COc1cc(-c2oc3c(OC)c(O)cc(O)c3c(=O)c2O)ccc1O,0,0,0
211,CC1=CC(=O)NS(=O)(=O)O1,0,0,0
212,COC(=O)c1sccc1S(=O)(=O)N=C(O)N=c1nc(C)nc(OC)[nH]1,0,0,0
213,COc1ccc(C2COc3cc(OC)ccc3C2)c(O)c1,0,0,0
214,CC(CCC(O)C(C)(C)O)C1CCC2(C)C3=C(CC(O)C12C)C1(C)CC(OC(=O)CC(C)(O)CC(=O)O)C(O)C(C)(C)C1CC3,0,0,0
215,OCc1c[nH]c2ccccc12,0,0,0
216,CC(C)=CCNc1ncnc2[nH]cnc12,0,0,0
217,C/C=C/C=C/C(=O)O,0,0,0
218,CCCCCCCCCCCCCCCCCCCc1cc(O)cc(O)c1,0,0,0
219,O=C(O)c1cc(O)c2cccc(O)c2n1,0,0,0
220,O=C(O)c1cc(S(=O)(=O)O)ccc1O,0,0,0
221,C/C(=C/CNc1ncnc2c1ncn2[C@@H]1O[C@H](CO)[C@@H](O)[C@H](O)[C@H]1O)CO,0,0,0
222,C[C@@H]1O[C@@H](O[C@H]2C(=O)c3c(O)cc(O)cc3O[C@@H]2c2ccc(O)c(O)c2)[C@H](O)[C@H](O)[C@H]1O,0,0,0
223,CN,0,0,0
224,O=C(/C=C/CCc1ccc2c(c1)OCO2)N1CCCCC1,0,0,0
225,COc1ccc(C(O)(c2cncnc2)C2CC2)cc1,0,0,0
226,CC[C@H](C(N)=O)N1CCCC1=O,0,0,0
227,CNC1=Nc2ccc(Cl)cc2C(c2ccccc2)=[N+]([O-])C1,0,0,0
228,O=C(O)c1cc(=O)c2c(OCC(O)COc3cccc4oc(C(=O)O)cc(=O)c34)cccc2o1,0,0,0
229,O=C(NO)c1ccccc1,0,0,0
230,O=C(O)CCCc1c[nH]c2ccccc12,0,0,0
231,CCCCCCCCCCCCCCCc1cccc(O)c1C(=O)O,0,0,0
232,CCC1=CC2CN3CCc4c([nH]c5ccccc45)C(C(=O)OC)(C2)C13,0,0,0
233,CC(C)=CCc1c(O)ccc2c1OCC(c1ccc(O)cc1O)C2=O,0,0,0
234,CC(C)Nc1nc(N)nc(Cl)n1,0,0,0
235,CCC[C@@H]1C[C@@H](C(=O)NC(C(C)Cl)[C@H]2O[C@H](SC)[C@H](O)[C@@H](O)[C@H]2O)N(C)C1,0,0,0
236,COc1cc(/C=C/C(=O)O)cc(OC)c1OC,0,0,0
237,C[C@H](CCC(=O)O)[C@H]1CC[C@H]2[C@@H]3CC[C@@H]4C[C@@H](O)CC[C@]4(C)[C@H]3CC[C@]12C,0,0,0
238,C[C@H](CCC(=O)O)[C@H]1CC[C@H]2[C@@H]3CC[C@@H]4C[C@H](O)CC[C@]4(C)[C@H]3CC[C@]12C,0,0,0
239,N=C(O)CN1CCCC1=O,0,0,0
240,O=C(O)/C=C/c1ccc(O)cc1,0,0,0
241,Nc1cc2nc3ccccc3oc-2cc1=O,0,0,0
242,NC(COP(=O)(O)O)C(=O)O,0,0,0
243,N[C@@H](COP(=O)(O)O)C(=O)O,0,0,0
244,COc1c(OC)c(O)c2c3c(cc4ccccc42)NC(=O)c13,0,0,0
245,COc1ccc(-c2cc(=O)c3c(O)cc(OC4OC(C(=O)O)C(O)C(O)C4O)cc3o2)cc1O,0,0,0
246,c1ccc2c3c([nH]c2c1)CNCC3,0,0,0
247,CCc1nn(CCCN2CCN(c3cccc(Cl)c3)CC2)c(=O)n1CCOc1ccccc1,0,0,0
248,CC(C)=CCN1CC[C@@]2(C)c3cc(O)ccc3C[C@@H]1[C@@H]2C,0,0,0
249,O=P(Oc1ccccc1)(Oc1ccccc1)Oc1ccccc1,0,0,0
250,COc1cc2nccc(Oc3ccc(NC(=O)C4(C(=O)Nc5ccc(F)cc5)CC4)cc3)c2cc1OC,0,0,0
251,Nc1nc(N)c2nc(CNc3ccc(C(=O)NC(CCC(=O)O)C(=O)O)cc3)cnc2n1,0,0,0
252,COc1ccc(-c2cc(=O)c3c(O)c(OC)c(O)cc3o2)cc1OC,0,0,0
253,CCCNCC(O)COc1ccccc1C(=O)CCc1ccccc1,0,0,0
254,CC(=O)N[C@@H](Cc1c[nH]cn1)C(=O)O,0,0,0
255,CC(C)C(=O)O,0,0,0
256,CCCCCCCC/C=C\CCCCCCCC(=O)OC[C@H](COP(=O)(O)OC[C@H](N)C(=O)O)OC(=O)CCCCCCC/C=C\CCCCCCCC,0,0,0
257,O=c1cc(-c2ccc(O)c(O)c2)oc2cc(O)c(C3OC(CO)C(O)C(O)C3OC3OC(CO)C(O)C(O)C3O)c(O)c12,0,0,0
258,COc1ccc(-c2oc3cc(O)cc(O)c3c(=O)c2O)cc1,0,0,0
259,CC/C=C\C/C=C\C/C=C\CCCCCCCC(=O)NCCO,0,0,0
260,NCCCC(O)(P(=O)(O)O)P(=O)(O)O,0,0,0
261,Cc1nccc2c1[nH]c1cc(O)ccc12,0,0,0
262,O=C(O)CNC(=O)c1ccc(O)cc1,0,0,0
263,CCOC(=O)C1(c2ccccc2)CCN(CCc2ccc(N)cc2)CC1,0,0,0
264,Cc1c2oc3c(C)ccc(C(=O)N[C@@H]4C(=O)N[C@H](C(C)C)C(=O)N5CCC[C@H]5C(=O)N(C)CC(=O)N(C)[C@@H](C(C)C)C(=O)O[C@@H]4C)c3nc-2c(C(=O)N[C@@H]2C(=O)N[C@H](C(C)C)C(=O)N3CCC[C@H]3C(=O)N(C)CC(=O)N(C)[C@@H](C(C)C)C(=O)O[C@@H]2C)c(N)c1=O,0,0,0
265,O=C(O)CCCCCCC(=O)O,0,0,0
266,N#CC(C#N)=NNc1cccc(Cl)c1,0,0,0
267,NCCCCCC(=O)O,0,0,0
268,C[C@H]1[C@H](C)CC[C@]2(CO)CC[C@]3(C)C(=CC[C@@H]4[C@@]5(C)CC[C@H](O)C(C)(C)[C@@H]5CC[C@]43C)[C@H]12,0,0,0
269,CC(C)=CCC/C(C)=C/CC/C(C)=C/CC/C=C(\C)CC/C=C(\C)CCC=C(C)C,0,0,0
270,CC12C(=O)OC(=O)C1(C)C1CCC2O1,0,0,0
271,CC(C)CC(=O)OC(COc1c2occc2cc2ccc(=O)oc12)C(C)(C)O,0,0,0
272,O=C(O)c1cccc(Oc2ccccc2)c1,0,0,0
273,NC(CSSC[C@H](NC(=O)CC[C@H](N)C(=O)O)C(=O)NCC(=O)O)C(=O)O,0,0,0
274,CCCCC(CC)COC(=O)c1ccccc1C(=O)OCC(CC)CCCC,0,0,0
275,CS(=O)(=O)N=C(O)c1cc(Oc2ccc(C(F)(F)F)cc2Cl)ccc1[N+](=O)[O-],0,0,0
276,O=C(CCCN1CC=C(n2c(=O)[nH]c3ccccc32)CC1)c1ccc(F)cc1,0,0,0
277,CC(C)=CCCC1(C)C=Cc2c(c(C)cc3c2[nH]c2cc(O)ccc23)O1,0,0,0
278,COP(=S)(OC)Oc1ccc([N+](=O)[O-])cc1,0,0,0
279,Nc1nc2c(ncn2[C@H]2C[C@H](O)[C@@H](COP(=O)(O)O)O2)c(=O)[nH]1,0,0,0
280,Cc1nc2n(c(=O)c1CCN1CCC(c3noc4cc(F)ccc34)CC1)CCCC2,0,0,0
281,COc1cc2c(c3oc(=O)c4c(c13)CCC4=O)[C@@H]1C=CO[C@@H]1O2,0,0,0
282,O=c1ncnc2[nH][nH]cc1-2,0,0,0
283,Cc1ccc(C(=O)c2ccc(CC(=O)O)n2C)cc1,0,0,0
284,CCC1=NC2CC3(C(=O)N(OC)c4ccccc43)C3CC1C2CO3,0,0,0
285,O[C@@H]1[C@@H](O)[C@@H]2OC[C@@H](O2)[C@H]1O,0,0,0
286,O=C(O)[C@H]1O[C@@H](Oc2c[nH]c3ccccc23)[C@H](O)[C@@H](O)[C@@H]1O,0,0,0
287,CCC(C(=O)O)C(=O)O,0,0,0
288,CCCCCCCCCCCCCCCCO,0,0,0
289,Cn1sccc1=O,0,0,0
290,CC(C)(C)c1ccc(C(=O)CCCN2CCC(OC(c3ccccc3)c3ccccc3)CC2)cc1,0,0,0
291,OCC(O)CN1CCN(c2ccccc2)CC1,0,0,0
292,COc1cc2c(c(OC)c1OC)-c1ccc(OC)c(=O)cc1C(NC(C)=O)CC2,0,0,0
293,O=C(c1ccccc1)c1ccc(O)cc1O,0,0,0
294,CCN=c1nc(Cl)[nH]c(=NCC)[nH]1,0,0,0
295,COc1ccc(Cl)cc1C(=O)NCCc1ccc(S(=O)(=O)NC(=O)NC2CCCCC2)cc1,0,0,0
296,CCCCCCCCCCCCC/C=C\C(O)C(CO[C@@H]1O[C@H](CO)[C@H](O)[C@H](O)[C@H]1O)NC(=O)CCCCCCCCCCCCCCC,0,0,0
297,CC(C)(Oc1ccc(Cl)cc1)C(=O)O,0,0,0
298,CCCCCCCCCCCCCCCC(=O)OCC(O)C1OCC(O)C1O,0,0,0
299,CO[C@]12CC[C@@]3(C[C@@H]1[C@](C)(O)C(C)(C)C)[C@H]1Cc4ccc(O)c5c4[C@@]3(CCN1)[C@H]2O5,0,0,0
300,O=C(O)[C@H](O)[C@@H](O)[C@H](O)[C@H](O)COP(=O)(O)O,0,0,0
301,COc1ccc(-c2nc3cc(C4=NN=C(O)CC4C)ccc3[nH]2)cc1,0,0,0
302,CCC(C)(O)C(=O)O,0,0,0
303,Oc1nc2ccccc2s1,0,0,0
304,CCCCCCCC1CCCC(=O)O1,0,0,0
305,CC(O)C(=O)Nc1c(I)c(C(=O)NC(CO)CO)c(I)c(C(=O)NC(CO)CO)c1I,0,0,0
306,O=C1CC[C@@H](C(=O)O)N1,0,0,0
307,CC1CCC2C(C)C3C(CC4C5CC=C6CC(OC7OC(CO)C(OC8OC(C)C(O)C(O)C8O)C(O)C7OC7OC(C)C(O)C(O)C7O)CCC6(C)C5CCC43C)N2C1,0,0,0
308,O=C(O)C1CC(O)C=N1,0,0,0
309,CCCCCCC(O)CC(=O)O,0,0,0
310,NS(=O)(=O)Cc1noc2ccccc12,0,0,0
311,CC(C)CC(NC(=O)C(N)CO)C(=O)O,0,0,0
312,O=C1c2cccc(O)c2C(=O)c2c(O)cccc21,0,0,0
313,Oc1ccc(C=Cc2cc(O)cc3c2C(c2cc(O)cc(O)c2)C(c2ccc(O)cc2)O3)cc1,0,0,0
314,NC(=O)NO,0,0,0
315,CC(=O)NCCCCNCCCN,0,0,0
316,CCCCCCCCCCCCCCCCOC[C@H](COP(=O)([O-])OCC[N+](C)(C)C)OC(C)=O,0,0,0
317,O=C(C=Cc1ccc(O)c(O)c1)OC1CC(OC(=O)C=Cc2ccc(O)c(O)c2)(C(=O)O)CC(O)C1O,0,0,0
318,O=C(/C=C/c1ccc(O)c(O)c1)O[C@@H]1C[C@@](OC(=O)/C=C/c2ccc(O)c(O)c2)(C(=O)O)C[C@@H](O)[C@@H]1O,0,0,0
319,O=C(/C=C/c1ccc(O)c(O)c1)O[C@@H]1C[C@](OC(=O)/C=C/c2ccc(O)c(O)c2)(C(=O)O)C[C@@H](O)[C@H]1O,0,0,0
320,COc1ccc(-c2cc(=O)c3c(O)cc(O)c(C4OC(CO)C(O)C(O)C4OC4OC(C)C(O)C(O)C4O)c3o2)cc1,0,0,0
321,CC=CC(=O)N(CC)c1ccccc1C,0,0,0
322,CC(C)=CCOP(=O)(O)OP(=O)(O)O,0,0,0
323,C[C@]12CC[C@H]3[C@@H](CCC4=CC(=O)CC[C@@H]43)[C@@H]1CC[C@@H]2O,0,0,0
324,CNC(=O)Oc1cccc2ccccc12,0,0,0
325,CC1COCc2cc3c(cc21)C(C)(C)C(C)C3(C)C,0,0,0
326,CCCCCC/C=C\CCCCCCCC(=O)OC[C@H](COP(=O)(O)OCCN)OC(=O)CCCCCCCCCCCCCCCCC,0,0,0
327,CCCCCCCCCCCCC/C=C/[C@@H](O)[C@H](COP(=O)(O)O)NC(=O)CCCCCCCCCCC,0,0,0
328,COc1cc([C@H](O)C(=O)O)ccc1O,0,0,0
329,CC(Cc1ccccc1)(NC(=O)CN)c1ccccc1,0,0,0
330,C=CC1=C(C(=O)O)N2C(=O)[C@@H](NC(=O)/C(=N\O)c3csc(N)n3)[C@H]2SC1,0,0,0
331,COc1ccc(-c2cc(=O)c3c(O)cc(O)cc3o2)cc1-c1c(O)cc(O)c2c(=O)cc(-c3ccc(O)cc3)oc12,0,0,0
332,O=C(O)c1ccnc2ccccc12,0,0,0
333,OC[C@H]1O[C@@H](O[C@H]2[C@H](O)[C@@H](O)[C@H](O)O[C@@H]2CO)[C@H](O)[C@@H](O)[C@@H]1O,0,0,0
334,OC[C@H]1O[C@H](O[C@H]2[C@H](O)[C@H](O)[C@@H](O)O[C@@H]2CO)[C@H](O)[C@@H](O)[C@@H]1O,0,0,0
335,OC[C@H]1O[C@@H](O[C@H]2[C@H](O)[C@@H](O)[C@@H](O)O[C@@H]2CO)[C@H](O)[C@@H](O)[C@H]1O,0,0,0
336,OCC1OC(OC2C(CO)OC(O)C(O)C2O)C(O)C(O)C1O,0,0,0
337,OC[C@H]1O[C@@H](O[C@H]2[C@H](O)[C@@H](O)[C@H](O)O[C@@H]2CO)[C@H](O)[C@@H](O)[C@H]1O,0,0,0
338,CC(Oc1c(Cl)cccc1Cl)C1=NCCN1,0,0,0
339,OCCOCCN1CCN(C(c2ccccc2)c2ccc(Cl)cc2)CC1,0,0,0
340,COC1=C(OC)C(=O)C(CCCCCCCCCCO)=C(C)C1=O,0,0,0
341,O=C1NCC(=O)N2CCC[C@@H]12,0,0,0
342,O=C1NCC(=O)N2CCCC12,0,0,0
343,CC1(C)Oc2cc3oc(-c4cc(O)cc(O)c4)cc3cc2CC1O,0,0,0
344,NC(=O)CC[C@H](N)C(=O)O,0,0,0
345,NC(=O)CC[C@@H](N)C(=O)O,0,0,0
346,C[N+](C)(C)CCOP(=O)(O)OP(=O)(O)OC[C@H]1O[C@@H](n2ccc(N)nc2=O)[C@H](O)[C@@H]1O,0,0,0
347,CC(=O)Oc1ccccc1C(=O)O,0,0,0
348,Cc1ccc(N(CC2=NCCN2)c2cccc(O)c2)cc1,0,0,0
349,CCC1CN2CCc3cc(OC)c(OC)cc3C2CC1CC1NCCc2cc(O)c(OC)cc21,0,0,0
350,O=c1c(O)c(-c2ccc(O)cc2)oc2cc(O)cc(O)c12,0,0,0
351,COc1cc(O)cc2c1C(=O)c1c(O)cc(CO)cc1C2=O,0,0,0
352,NC[C@H](O)c1ccc(O)c(O)c1,0,0,0
353,COc1ccc2c(OC)c3ccoc3nc2c1OC,0,0,0
354,CN1CCN(c2c(F)cc3c(=O)c(C(=O)O)cn4c3c2OCN4C)CC1,0,0,0
355,O=c1c(O)c(-c2ccccc2)oc2cc(O)cc(O)c12,0,0,0
356,CC(c1cc2ccccc2s1)N(O)C(N)=O,0,0,0
357,CS(=O)CCCCC(=NOS(=O)(=O)O)SC1OC(CO)C(O)C(O)C1O,0,0,0
358,CS(=O)CCCC/C(=N/OS(=O)(=O)O)S[C@@H]1O[C@H](CO)[C@@H](O)[C@H](O)[C@H]1O,0,0,0
359,CO[C@H]1O[C@@H]2O[C@@]3(C)CC[C@H]4[C@H](C)CC[C@@H]([C@H]1C)[C@@]24OO3,0,0,0
360,Cn1c(=O)c2c(ncn2CCO)n(C)c1=O,0,0,0
361,COc1cc(C2c3c(cc(OC)c(O)c3OC)CC(CO)C2COC2OCC(O)C(O)C2O)cc(OC)c1O,0,0,0
362,C=C1C[C@@H]2[C@H](CC[C@]3(C)C(=O)CC[C@@H]23)[C@@]2(C)C=CC(=O)C=C12,0,0,0
363,Cc1ccc(Nc2nccc(N(C)c3ccc4c(C)n(C)nc4c3)n2)cc1S(N)(=O)=O,0,0,0
364,CC(C)CCN,0,0,0
365,CC1(C)C[C@@H]1C(=O)N/C(=C\CCCCSC[C@H](N)C(=O)O)C(=O)O,0,0,0
366,CC(C)=CCC/C(C)=C/CC/C(C)=C/CC[C@]1(C)CCc2cc(O)c(C)c(C)c2O1,0,0,0
367,CC(C)C(N)C(=O)NC(Cc1ccccc1)C(=O)O,0,0,0
368,CC(=O)CCC(=O)O,0,0,0
369,O=C(O)CCCc1ccc(N(CCCl)CCCl)cc1,0,0,0
370,COc1ccc2c3c1O[C@H]1C[C@@H](O)C=C[C@@]31CCN(C)C2,0,0,0
371,CC1(C)O[C@]2(C)CC[C@H]1CC2,0,0,0
372,OC(=Nc1ccc(Cl)c(Cl)c1)c1cc(Cl)cc(Cl)c1O,0,0,0
373,Cc1cccc(C)c1NC1=NCCCS1,0,0,0
374,CC(O)(CC(=O)O)CC(=O)OCC1OC(Oc2c(-c3ccc(O)cc3)oc3cc(O)cc(O)c3c2=O)C(O)C(O)C1O,0,0,0
375,C#C[C@]1(O)CC[C@H]2[C@@H]3CCc4cc(OC5CCCC5)ccc4[C@H]3CC[C@@]21C,0,0,0
376,Cc1cn(-c2cc(NC(=O)c3ccc(C)c(Nc4nccc(-c5cccnc5)n4)c3)cc(C(F)(F)F)c2)cn1,0,0,0
377,O=C1c2ccccc2-c2cccc3cccc1c23,0,0,0
378,COc1cc2c(c3oc(=O)c4c(c13)CCC4=O)C1CCOC1O2,0,0,0
379,O=C(O)CCCCCCCCCCCCC(=O)O,0,0,0
380,CSC,0,0,0
381,CSCCC(=O)C(=O)O,0,0,0
382,CC[C@@H](C)[C@H](N)C(=O)O,0,0,0
383,CCC(C)C(N)C(=O)O,0,0,0
384,CC[C@H](C)[C@H](N)C(=O)O,0,0,0
385,N#CCCN,0,0,0
386,CCCCC(CC)COC(=O)c1ccccc1C(=O)O,0,0,0
387,Nc1nc2c(ncn2[C@H]2C[C@H](O)[C@@H](COP(=O)(O)OP(=O)(O)O)O2)c(=O)[nH]1,0,0,0
388,C[C@@H](CO)C(=O)O,0,0,0
389,C[C@H](CCC(=O)O)[C@H]1CC[C@H]2[C@@H]3[C@@H](O)[C@H](O)[C@@H]4C[C@H](O)CC[C@]4(C)[C@H]3CC[C@]12C,0,0,0
390,O=C(O)Cc1cc(O)ccc1Nc1c(Cl)cccc1Cl,0,0,0
391,CC(=O)Oc1ccc2c(C)cc(=O)oc2c1,0,0,0
392,c1ccc2c(c1)[nH]c1ccccc12,0,0,0
393,CC(NC(C)C(=O)O)C(=O)O,0,0,0
394,Cc1cc(O)nc(C(C)C)n1,0,0,0
395,CC1(C)CCC2(C(=O)OC3OC(CO)C(O)C(O)C3O)CCC3(C)C(=CCC4C5(C)CCC(OC6OC(C(=O)O)C(O)C(O)C6OC6OC(CO)C(O)C(O)C6O)C(C)(C)C5CCC43C)C2C1,0,0,0
396,CCCCCCCC/C=C\CCCCCCCC(=O)OCC(COC(=O)CCCCCCC/C=C\CCCCCCCC)OC(=O)CCCCCCC/C=C\CCCCCCCC,0,0,0
397,CC(C)(C)NCC(O)COc1cccc2c1C[C@H](O)[C@H](O)C2,0,0,0
398,COC1=CC2C3Cc4ccc(OC)c(O)c4C2(CCN3C)CC1=O,0,0,0
399,CC(=O)OCC1OC(Oc2c(-c3ccc(O)c(O)c3)oc3cc(O)cc(O)c3c2=O)C(O)C(O)C1O,0,0,0
400,CC(=O)OC[C@H]1O[C@@H](Oc2c(-c3ccc(O)c(O)c3)oc3cc(O)cc(O)c3c2=O)[C@H](O)[C@@H](O)[C@@H]1O,0,0,0
401,C[C@@H]1O[C@@H](OC[C@H]2O[C@@H](Oc3c(-c4ccc(O)c(O)c4)oc4cc(O)cc(O)c4c3=O)[C@H](O)[C@@H](O)[C@@H]2O)[C@H](O)[C@H](O)[C@H]1O,0,0,0
402,CC1OC(OCC2OC(Oc3c(-c4ccc(O)c(O)c4)oc4cc(O)cc(O)c4c3=O)C(O)C(O)C2O)C(O)C(O)C1O,0,0,0
403,O=c1c(O)c(-c2ccc(O)c(O)c2)oc2c(OC3OC(CO)C(O)C(O)C3O)c(O)cc(O)c12,0,0,0
404,Cc1ccc(Cl)c(Nc2ccccc2C(=O)O)c1Cl,0,0,0
405,O=C1C(CCS(=O)c2ccccc2)C(=O)N(c2ccccc2)N1c1ccccc1,0,0,0
406,C=CCS(=O)CC(NCC1(O)OCC(O)C(O)C1O)C(=O)O,0,0,0
407,Oc1cc(O)cc(/C=C/c2ccc(O)c(O)c2)c1,0,0,0
408,CCCCCCCCCCCCCCCC(=O)OC[C@H](COP(=O)(O)OCCN(C)C)OC(=O)CCCCCCCCCCCCCCC,0,0,0
409,OCCc1c[nH]c2ccc(O)cc12,0,0,0
410,CC(C)COC(=O)c1ccccc1C(=O)OCC(C)C,0,0,0
411,c1ccc2scnc2c1,0,0,0
412,CCCCc1nc(Cl)c(CO)n1Cc1ccc(-c2ccccc2-c2nn[nH]n2)cc1,0,0,0
413,Cn1cc(C(N)=O)ccc1=O,0,0,0
414,CC1(C)O[C@@H]2[C@@H](CO[C@@]3(COS(N)(=O)=O)OC(C)(C)O[C@@H]23)O1,0,0,0
415,CNS(=O)(=O)Cc1ccc2[nH]cc(CCN(C)C)c2c1,0,0,0
416,N[C@@H](Cc1ccc(O)c([N+](=O)[O-])c1)C(=O)O,0,0,0
417,O=C1CC(c2ccc(O)cc2)Oc2ccccc21,0,0,0
418,CCCN(CCC)c1c([N+](=O)[O-])cc(C(F)(F)F)c(N)c1[N+](=O)[O-],0,0,0
419,CC#C[C@]1(O)CC[C@H]2[C@@H]3CCC4=CC(=O)CCC4=C3[C@@H](c3ccc(N(C)C)cc3)C[C@@]21C,0,0,0
420,COc1cc(O)c(C(=O)/C=C/c2ccccc2)c(OC)c1,0,0,0
421,CCC(C(=O)O)c1ccccc1,0,0,0
422,Cc1ccccc1C(=O)O,0,0,0
423,COc1cc(C2OC(c3ccc(O)c(OC)c3)C(C)C2C)ccc1O,0,0,0
424,C[C@H](CCC(=O)NCCS(=O)(=O)O)[C@H]1CC[C@H]2[C@@H]3[C@H](O)C[C@@H]4C[C@H](O)CC[C@]4(C)[C@H]3CC[C@]12C,0,0,0
425,Cc1ccccc1C(=O)NCC(=O)O,0,0,0
426,CC(=O)N[C@@H](CCC(=O)O)C(=O)O,0,0,0
427,CCOC(=O)C(C)(C)Oc1ccc(Cl)cc1,0,0,0
428,CN1CCN(C2=Nc3ccccc3Oc3ccc(Cl)cc32)CC1,0,0,0
429,COc1cc2cc(Oc3ccc4ccc(=O)oc4c3)c(=O)oc2cc1O,0,0,0
430,CC1(C)CCC2(C(=O)OC3OC(CO)C(O)C(O)C3O)CCC3(C)C(=CCC4C5(C)CCC(OC6OC(C(=O)O)C(OC7OC(CO)C(O)C7O)C(O)C6O)C(C)(C)C5CCC43C)C2C1,0,0,0
431,CC1(C)[C@@H]2CC[C@@]1(C)[C@H](O)C2,0,0,0
432,CC(C)C1(C)NC(c2ncccc2C(=O)O)=NC1=O,0,0,0
433,N=C(N)NCC(=O)O,0,0,0
434,CCC(C)(C)C1C(=O)N2CCCC2C2(O)OC(NC(=O)C3CC4c5cccc6[nH]cc(c56)CC4N(C)C3)(C(C)C)C(=O)N12,0,0,0
435,C[C@]12CC[C@H](O)CC1CC[C@@H]1[C@@H]2CC[C@]2(C)C(=O)CC[C@@H]12,0,0,0
436,C[C@]12CC[C@@H](O)C[C@H]1CC[C@@H]1[C@@H]2CC[C@]2(C)C(=O)CC[C@@H]12,0,0,0
437,C[C@]12CC[C@@H](O)C[C@@H]1CC[C@@H]1[C@@H]2CC[C@]2(C)C(=O)CC[C@@H]12,0,0,0
438,C[C@]12CC[C@H](O)C[C@H]1CC[C@@H]1[C@@H]2CC[C@]2(C)C(=O)CC[C@@H]12,0,0,0
439,COc1ccc(-c2oc3cc(OC)c(OC)c(O)c3c(=O)c2OC)cc1O,0,0,0
440,C=CCc1ccc(OC)cc1,0,0,0
441,OC[C@H]1O[C@@H](O[C@@H]2[C@@H](CO)O[C@](O)(CO)[C@H]2O)[C@H](O)[C@@H](O)[C@H]1O,0,0,0
442,CCCCC/C=C/C(=O)O[C@@H](CC(=O)[O-])C[N+](C)(C)C,0,0,0
443,N[C@@H]1[C@@H](O)[C@H](O)[C@@H](CO)O[C@H]1O,0,0,0
444,N[C@H]1C(O)O[C@H](CO)[C@@H](O)[C@@H]1O,0,0,0
445,CCCCCCCC(=O)O[C@H](CC(=O)[O-])C[N+](C)(C)C,0,0,0
446,O=C1CC(c2ccc(O)c(O)c2)Oc2cc(O)ccc21,0,0,0
447,COc1ccc2c(c1O)-c1c(OC)c(OC)cc3c1[C@H](C2)N(C)CC3,0,0,0
448,CC1(C)[C@@H]2CC[C@@]1(C)C(=O)C2,0,0,0
449,CN(C)CCOC(c1ccccc1)c1ccccc1,0,0,0
450,C[C@@H](c1ncncc1F)[C@](O)(Cn1cncn1)c1ccc(F)cc1F,0,0,0
451,CN[C@@H]1[C@H](O)[C@H](NC)[C@H]2O[C@@]3(O)C(=O)C[C@@H](C)O[C@H]3O[C@@H]2[C@H]1O,0,0,0
452,NS(=O)(=O)c1ccccc1,0,0,0
453,Cc1nc2n(c(=O)c1CCN1CCC(c3noc4cc(F)ccc34)CC1)CCCC2O,0,0,0
454,c1ccc(-c2ccc(C(c3ccccc3)n3ccnc3)cc2)cc1,0,0,0
455,Oc1c(Br)cc(Br)cc1Br,0,0,0
456,CC1OC(Oc2c(-c3ccc(O)c(O)c3)oc3cc(O)cc(O)c3c2=O)C(OC2OC(CO)C(O)C(O)C2O)C(O)C1O,0,0,0
457,CC(C)c1ccc(C(=O)O)cc1,0,0,0
458,CSCC[C@H](NC(=O)CC[C@H](N)C(=O)O)C(=O)O,0,0,0
459,CCCCC(C)C(OC(=O)CC(CC(=O)O)C(=O)O)C(CC(C)CC(O)CCCCC(O)CC(O)C(C)N)OC(=O)CC(CC(=O)O)C(=O)O,0,0,0
460,CSCCCCCCCN=C=S,0,0,0
461,CCCc1oc(CCC(=O)O)c(C(=O)O)c1C,0,0,0
462,COC(=O)c1ccccc1OC,0,0,0
463,CCCCC/C=C\C/C=C\CCCCCCCC(=O)OC[C@@H](O)COP(=O)(O)OCCN,0,0,0
464,Oc1ccc(I)cc1,0,0,0
465,Cc1cc(=O)oc2cc(OS(=O)(=O)O)ccc12,0,0,0
466,OC[C@@]1(O)OC[C@@H](O)[C@H](O)[C@@H]1O,0,0,0
467,OC[C@@]1(O)OC[C@H](O)[C@@H](O)[C@@H]1O,0,0,0
468,O=C(O)C(O)c1cccc(O)c1,0,0,0
469,COC1=CC(=O)OC(CCc2ccc(OC)c(OC)c2)C1,0,0,0
470,COc1cc(C=O)ccc1OC(=O)C(C)C,0,0,0
471,CS(=O)CCCCCCCN=C=S,0,0,0
472,CCC1(O)C(=O)OCc2c1cc1n(c2=O)Cc2cc3ccccc3nc2-1,0,0,0
473,CC(C)[C@H](N)C(=O)OCCOCn1cnc2c(=O)nc(N)[nH]c21,0,0,0
474,CCOc1cc(C(C)(C)C)ccc1C1COC(c2c(F)cccc2F)=N1,0,0,0
475,CCCCCOC(=O)Nc1nc(=O)n([C@@H]2O[C@H](C)[C@@H](O)[C@H]2O)cc1F,0,0,0
476,CC(=O)Nc1ccc(OS(=O)(=O)O)cc1,0,0,0
477,Cc1cc(O)cc2c1O[C@](C)(CCC[C@H](C)CCC[C@H](C)CCCC(C)C)CC2,0,0,0
478,CC(CN1CCN(CCOCCO)CC1)CN1c2ccccc2Sc2ccccc21,0,0,0
479,Nc1ccc(S(=O)(=O)Nc2nccs2)cc1,0,0,0
480,CCCCCC(=O)NCC(=O)O,0,0,0
481,Cc1cc(Cl)ccc1N=CN(C)C,0,0,0
482,O=C(O)c1ccc(Cl)cc1,0,0,0
483,CCCCC(=O)N(Cc1ccc(-c2ccccc2-c2nn[nH]n2)cc1)[C@H](C(=O)O)C(C)C,0,0,0
484,COc1c(O)cc2oc(-c3ccc(O)c(O)c3)c(OC3OC(COC4OC(CO)C(O)C(O)C4O)C(O)C(O)C3O)c(=O)c2c1O,0,0,0
485,COc1cccc(OC)c1-c1cc(=O)c2c(O)c(OC)ccc2o1,0,0,0
486,CCC(C)Nc1c([N+](=O)[O-])cc(C(C)(C)C)cc1[N+](=O)[O-],0,0,0
487,CC(C)CC(N(C)C)C1(c2ccc(Cl)cc2)CCC1,0,0,0
488,CC#Cc1cc(C)nc(Nc2ccccc2)n1,0,0,0
489,CCC(C)c1cc([N+](=O)[O-])cc([N+](=O)[O-])c1O,0,0,0
490,Nc1ncnc2c1ncn2[C@H]1C[C@H](O)[C@@H](COP(=O)(O)OP(=O)(O)O)O1,0,0,0
491,C[C@]12CC[C@H]3[C@@H](CC[C@@]45O[C@@H]4C(O)=C(C#N)C[C@]35C)[C@@H]1CC[C@@H]2O,0,0,0
492,COc1cc(Nc2c(C#N)cnc3cc(OCCCN4CCN(C)CC4)c(OC)cc23)c(Cl)cc1Cl,0,0,0
493,Cc1cccc(Nc2ccncc2S(=O)(=O)NC(=O)NC(C)C)c1,0,0,0
494,Oc1ccc2c(c1)Cc1ccccc1-2,0,0,0
495,CCCN1C[C@H](CSC)C[C@@H]2c3cccc4[nH]cc(c34)C[C@H]21,0,0,0
496,CN(C)P(=O)(N(C)C)N(C)C,0,0,0
497,O=C(O)COc1ccc2ccccc2c1,0,0,0
498,CC(C)=CCCC(C)(O)C1CCC2(C)C1C(O)CC1C3(C)CCC(O)C(C)(C)C3C(OC3OC(CO)C(O)C(O)C3OC3OC(CO)C(O)C(O)C3O)CC12C,0,0,0
499,CC(C)=CCc1cc(C2CC(=O)c3c(O)cc(O)c(CC=C(C)C)c3O2)cc(O)c1O,0,0,0
500,CC(=O)Nc1ccc(OCC(O)CNC(C)C)cc1,0,0,0
501,OCCc1c[nH]c2ccccc12,0,0,0
502,Oc1c(I)cc(Cl)c2cccnc12,0,0,0
503,CCC1(c2ccccc2)C(=O)NC(=O)NC1=O,0,0,0
504,CCCCCCCCCCCCC/C=C/[C@@H](O)[C@@H](N)CO,0,0,0
505,CC1(C(=O)O)CCC2(C)CCC3(C)C(=CC(=O)C4C5(C)CCC(O)C(C)(C)C5CCC43C)C2C1,0,0,0
506,CC1(C)[C@@H](O)CC[C@]2(C)[C@H]3C(=O)C=C4[C@H]5C[C@@](C)(C(=O)O)CC[C@]5(C)CC[C@@]4(C)[C@]3(C)CC[C@@H]12,0,0,0
507,CC1(C)C2CC[C@]3(C)C(C(=O)C=C4C5C[C@@](C)(C(=O)O)CC[C@]5(C)CC[C@]43C)[C@@]2(C)CC[C@@H]1O,0,0,0
508,CC(CN1c2ccccc2Sc2ccccc21)N(C)C,0,0,0
509,CC(C)=CCc1cc(C2CC(=O)c3c(O)cc(O)cc3O2)ccc1O,0,0,0
510,CCCCC/C=C\C/C=C\C/C=C\C/C=C\CCCC(=O)O,0,0,0
511,CNC(=O)CSP(=S)(OC)OC,0,0,0
512,Cc1nnc(-c2ccccc2)c(=O)n1N,0,0,0
513,CCc1nccnc1CC,0,0,0
514,O=C1CN=C(c2ccccc2)c2cc(Cl)ccc2N1,0,0,0
515,CC(C)NCC(O)c1ccc(N)c(C#N)c1,0,0,0
516,CCN1CC2(COC)C(O)CC(OC)C34C5CC6(O)C(OC)C(O)C(OC(C)=O)(C5C6OC(=O)c5ccccc5)C(C(OC)C23)C14,0,0,0
517,CN(C)CC(c1ccc(O)cc1)C1(O)CCCCC1,0,0,0
518,CS(=O)CCCCCCCCN=C=S,0,0,0
519,CC(=O)c1cc(C(C)(C)C)cc2c1CCC2(C)C,0,0,0
520,COc1ccc2[nH]cc(CC(=O)O)c2c1,0,0,0
521,O=C(O)c1c(O)cccc1O,0,0,0
522,O=C(CCCCCC/C=C/c1ccc2c(c1)OCO2)N1CCCCC1,0,0,0
523,NNC(=O)c1ccncc1,0,0,0
524,O=c1c(-c2ccccc2)coc2cc(O)cc(O)c12,0,0,0
525,COc1ccc2c3c1O[C@H]1C(=O)CC[C@@]4(O)[C@@H](C2)N(C)CC[C@]314,0,0,0
526,C=C(C)C1CNC(C(=O)O)C1CC(=O)O,0,0,0
527,C[C@H]1O[C@@H](n2cnc3c(N)ncnc32)[C@H](O)[C@@H]1O,0,0,0
528,O=S(=O)(O)CCS,0,0,0
529,c1ccc(CNc2ncnc3[nH]cnc23)cc1,0,0,0
530,Cc1cc2nc3c(=O)[nH]c(=O)nc-3n(CC(O)C(O)C(O)CO)c2cc1C,0,0,0
531,Cc1cc2nc3c(=O)[nH]c(=O)nc-3n(C[C@H](O)[C@H](O)[C@H](O)CO)c2cc1C,0,0,0
532,O=P(O)(O)OC[C@H](O)CO,0,0,0
533,NC(=O)NC(NC(N)=O)C(=O)O,0,0,0
534,C=CCC1(C(C)CCC)C(=O)NC(=O)NC1=O,0,0,0
535,CC12CC3CC(C)(C1)CC(N)(C3)C2,0,0,0
536,COc1cc(NC(C)CCC(=O)O)c2ncccc2c1,0,0,0
537,O=C(O)c1ccc([N+](=O)[O-])cc1,0,0,0
538,CC(=O)C1=CC[C@H]2[C@@H]3CCC4=CC(=O)CC[C@]4(C)[C@H]3CC[C@]12C,0,0,0
539,O=C(O)CCCCCCCCCCCC(=O)O,0,0,0
540,O=C(/C=C/c1ccc(O)cc1)O[C@@H]1C[C@@](O)(C(=O)O)C[C@@H](O)[C@@H]1O,0,0,0
541,CC(C)[C@H](NC(=O)CN)C(=O)O,0,0,0
542,CCN(C(C)=O)c1cccc(-c2ccnc3c(C#N)cnn23)c1,0,0,0
543,CCCCCCc1ccc(O)cc1O,0,0,0
544,C[N+]1(C)C[C@H](O)C[C@H]1C(=O)[O-],0,0,0
545,COc1ccc(C=O)c2ccccc12,0,0,0
546,CN(C)CCC=C1c2ccccc2COc2ccccc21,0,0,0
547,CC[N+](CC)(CC)CCOc1cccc(OCC[N+](CC)(CC)CC)c1OCC[N+](CC)(CC)CC,0,0,0
548,COc1cc(-c2cc(=O)c3c(O)c(C4OC(CO)C(O)C(O)C4OC4OC(CO)C(O)C(O)C4O)c(O)cc3o2)ccc1O,0,0,0
549,O=c1c(OC2OC(CO)C(O)C(O)C2OC2OC(CO)C(O)C(O)C2OC2OC(CO)C(O)C(O)C2O)c(-c2ccc(O)c(O)c2)oc2cc(O)cc(O)c12,0,0,0
550,CCCCCCCCCCO,0,0,0
551,O=P(O)(O)C(O)(Cn1ccnc1)P(=O)(O)O,0,0,0
552,CCCC1COC(Cn2cncn2)(c2ccc(Cl)cc2Cl)O1,0,0,0
553,Cc1cc(C2CC2)nc(Nc2ccccc2)n1,0,0,0
554,NC(Cc1cc(I)c(Oc2ccc(O)cc2)c(I)c1)C(=O)O,0,0,0
555,O=[N+]([O-])c1ccccc1O,0,0,0
556,O=S(=O)(O)c1ccccc1,0,0,0
557,CCCCCCCC/C=C\CCCCCCCC(=O)O[C@H](COC(=O)CCCCCCCCCCCCCCC)COP(=O)([O-])OCC[N+](C)(C)C,0,0,0
558,CCCCCCCCCCCCCCCC(=O)OC(CC(=O)[O-])C[N+](C)(C)C,0,0,0
559,CCCCCCCCCCCCCCCC(=O)O[C@@H](CC(=O)[O-])C[N+](C)(C)C,0,0,0
560,CCCCCCCCCCCCCCCC(=O)O[C@H](CC(=O)[O-])C[N+](C)(C)C,0,0,0
561,OC(CCN1CCCCC1)(c1ccccc1)C1CCCCC1,0,0,0
562,CNCCC(Oc1ccc(C(F)(F)F)cc1)c1ccccc1,0,0,0
563,CCN(CC)CC#CCOC(=O)C(O)(c1ccccc1)C1CCCCC1,0,0,0
564,COc1cc(O)cc2occ(-c3ccc(O)cc3O)c(=O)c12,0,0,0
565,CCCCC(=O)O,0,0,0
566,NC[C@H](N)C(=O)O,0,0,0
567,c1ccc2c(c1)CCCC2C1=NCCN1,0,0,0
568,COc1cc(-c2[o+]c3cc(O)cc(OC4OC(CO)C(O)C(O)C4O)c3cc2OC2OC(COC3OC(C)C(OC(=O)/C=C/c4ccc(O)cc4)C(O)C3O)C(O)C(O)C2O)cc(O)c1O,0,0,0
569,CC(C)=CCCC(C)(OC1OC(CO)C(O)C(O)C1O)C1CCC2(C)C1C(O)CC1C3(C)CCC(O)C(C)(C)C3C(OC3OC(CO)C(O)C(O)C3OC3OC(C)C(O)C(O)C3O)CC12C,0,0,0
570,O=c1[nH]cc([C@@H]2O[C@H](CO)[C@@H](O)[C@H]2O)c(=O)[nH]1,0,0,0
571,CC1C(=O)OC2CC34C5CC(C(C)(C)C)C36C(OC(=O)C6O)OC4(C(=O)O5)C21O,0,0,0
572,COc1cc(O)c(C(=O)O)c(/C=C/c2ccccc2)c1,0,0,0
573,COc1ccc(CCc2cc(OC)cc(=O)o2)cc1,0,0,0
574,O=P(O)(O)OC[C@H]1O[C@H](O[C@H]2O[C@H](CO)[C@@H](O)[C@H](O)[C@H]2O)[C@H](O)[C@@H](O)[C@@H]1O,0,0,0
575,NS(=O)(=O)c1cc2c(cc1C(F)(F)F)NCNS2(=O)=O,0,0,0
576,NC(CCC(O)=NC(CS)C(O)=NCC(=O)O)C(=O)O,0,0,0
577,N[C@@H](CCC(=O)N[C@@H](CS)C(=O)NCC(=O)O)C(=O)O,0,0,0
578,CC(C)=CCc1c(O)cc2c(c1O)C(=O)CC(c1ccccc1)O2,0,0,0
579,CC(O)=Nc1ccc(S(=O)(=O)Nc2ncccn2)cc1,0,0,0
580,CC(O)(P(=O)(O)O)P(=O)(O)O,0,0,0
581,Cc1cc(O)c2c(c1)C(=O)c1cccc(O)c1C2=O,0,0,0
582,COc1c2ccoc2c(OCC=C(C)C)c2oc(=O)ccc12,0,0,0
583,O=C(O)CCCCC(=O)O,0,0,0
584,Nc1ncnc2c1ncn2[C@@H]1O[C@H](COP(=O)(O)OP(=O)(O)O[C@H]2O[C@H](CO)[C@@H](O)[C@H](O)[C@H]2O)[C@@H](O)[C@H]1O,0,0,0
585,Nc1ccc(C(=O)O)c(O)c1,0,0,0
586,CCOC(=O)c1ccccc1C(=O)O,0,0,0
587,O=c1cc(-c2ccc(O)c(O)c2)oc2cc(O)c(C3OC(CO)C(O)C(O)C3O)c(O)c12,0,0,0
588,O=c1cc(-c2ccc(O)c(O)c2)oc2cc(O)c([C@@H]3O[C@H](CO)[C@@H](O)[C@H](O)[C@H]3O)c(O)c12,0,0,0
589,N=C(N)NC(=N)NCCc1ccccc1,0,0,0
590,C[N+](C)(C)CCOP(=O)([O-])OC[C@H](O)CO,0,0,0
591,O=C(CO)COP(=O)(O)O,0,0,0
592,CC(=O)CC(=O)CCC(=O)O,0,0,0
593,C/C=C(\C)C(=O)O,0,0,0
594,CC(C)=CCC/C(C)=C/C=C/C(C)=C/C=C/C(C)=C/C=C/C=C(C)/C=C/C=C(C)/C=C/C1=C(C)CCCC1(C)C,0,0,0
595,C=CC1C2=CCOC(=O)C2=COC1OC1OC(CO)C(O)C(O)C1O,0,0,0
596,O=C(O)[C@H](O)COP(=O)(O)O,0,0,0
597,O=C(O)C(O)COP(=O)(O)O,0,0,0
598,O=C(O)CNc1cc(O)cc(O)c1,0,0,0
599,O=C(O)/C=C/CCCCCCCCC(=O)O,0,0,0
600,COc1cc(C2c3c(cc(OC)c(O)c3OC)CC(CO)C2COC2OC(CO)C(O)C(O)C2O)cc(OC)c1O,0,0,0
601,CSc1nc(=NC(C)C)[nH]c(=NC(C)C)[nH]1,0,0,0
602,CCCN(CCC)c1c([N+](=O)[O-])cc(C(F)(F)F)cc1[N+](=O)[O-],0,0,0
603,O=C(O)CNC(=O)c1cccnc1,0,0,0
604,NC(=O)NC1NC(=O)NC1=O,0,0,0
605,CNC1(c2ccccc2Cl)CCCCC1=O,0,0,0
606,CN(C)c1ccc(O)c2c1C[C@H]1C[C@H]3[C@H](N(C)C)C(O)=C(C(N)=O)C(=O)[C@@]3(O)C(O)=C1C2=O,0,0,0
607,Cc1nc(-c2ccc(OCC(C)C)c(C#N)c2)sc1C(=O)O,0,0,0
608,C=Cc1ccc(O)c(OC)c1,0,0,0
609,COc1ccc(-c2coc3cc(OC4OC(CO)C(O)C(O)C4O)ccc3c2=O)cc1,0,0,0
610,CCN(CC)CCN1C(=O)CN=C(c2ccccc2F)c2cc(Cl)ccc21,0,0,0
611,C=C(C)[C@@H]1CC[C@]2(CO)CC[C@]3(C)[C@H](CC[C@@H]4[C@@]5(C)CC[C@H](O)C(C)(C)[C@@H]5CC[C@]43C)[C@@H]12,0,0,0
612,CCCCCC/C=C/CCCCCCCCCC(=O)O,0,0,0
613,CCCCCC/C=C\CCCCCCCCCC(=O)O,0,0,0
614,CC(=O)C1CC[C@H]2[C@@H]3CCC4=CC(=O)CC[C@]4(C)[C@H]3[C@H](O)C[C@]12C,0,0,0
615,N#CC[C@H](N)C(=O)O,0,0,0
616,O=C1c2ccccc2C(=O)c2c(O)ccc(O)c21,0,0,0
617,CC(O)(CC(=O)O)CC(=O)OCC1OC(Oc2c(-c3ccc(O)cc3)oc3cc(OC4OC(CO)C(O)C(O)C4O)cc(O)c3c2=O)C(O)C(O)C1O,0,0,0
618,c1ccc(CN2CCNCC2)cc1,0,0,0
619,Cn1cncc1C[C@H](N)C(=O)O,0,0,0
620,Cc1ccnc(NS(=O)(=O)c2ccc(N)cc2)n1,0,0,0
621,O=Cc1ccc2c(c1)OCO2,0,0,0
622,COc1cc(O)c(C(=O)c2ccccc2)cc1S(=O)(=O)O,0,0,0
623,CC(C)CC(c1c(O)c(C=O)c(O)c(C=O)c1O)C1(C)CCC2C1C1C(CCC2(C)O)C1(C)C,0,0,0
624,CN(C)C(=O)Nc1ccc(Cl)cc1,0,0,0
625,COc1ccc(-c2cc(=O)c3c(O)cc(OC)cc3o2)cc1,0,0,0
626,CC(C)CCC[C@@H](C)C1CC[C@H]2[C@@H]3C(=O)C=C4CC(O)CC[C@]4(C)[C@H]3CC[C@]12C,0,0,0
627,CC(C)OC(=O)CCC/C=C\C[C@@H]1[C@@H](CC[C@@H](O)CCc2ccccc2)[C@H](O)C[C@@H]1O,0,0,0
628,CC(=O)OCC1OC(OC2C(O)COC(OC3C(O)C(C)(C)CC4C5=CCC6C7(C)CCC(OC8OC(C(=O)O)C(O)C(O)C8OC8OC(CO)C(O)C(O)C8OC8OC(CO)C(O)C(O)C8O)C(C)(CO)C7CCC6(C)C5(C)CCC43C)C2O)C(OC(C)=O)C(OC(C)=O)C1OC(C)=O,0,0,0
629,O=C(O)/C=C/c1c[nH]c2ccccc12,0,0,0
630,C=C(CCC=C(C)C)C1CCC2(C)C1C(O)CC1C3(C)CCC(O)C(C)(C)C3C(OC3OC(CO)C(O)C(O)C3OC3OC(C)C(O)C(O)C3O)CC12C,0,0,0
631,CC1(C)O[C@@H]2C[C@H]3[C@@H]4C[C@H](F)C5=CC(=O)CC[C@]5(C)[C@H]4[C@@H](O)C[C@]3(C)[C@]2(C(=O)CO)O1,0,0,0
632,NC(=O)C[C@H](N)C(=O)O,0,0,0
633,N=C(O)CC(N)C(=O)O,0,0,0
634,CCCCC(CC)COC(=O)/C=C/c1ccc(OC)cc1,0,0,0
635,OC1OC[C@@H](O)[C@H](O)[C@H]1O,0,0,0
636,C=CCCCCCCCCCCCC(O)CC(O)COC(C)=O,0,0,0
637,COc1cc(CCC(O)CC(=O)CCc2ccccc2)ccc1O,0,0,0
638,COc1ccc(C(=O)O)cc1OC,0,0,0
639,COc1c(-c2ccccc2)oc2c(ccc3occc32)c1=O,0,0,0
640,O=C1C(O)Oc2ccccc2N1O,0,0,0
641,Cc1cc2nc3c(=O)[nH]c(=O)nc-3n(C[C@H](O)[C@H](O)[C@H](O)COP(=O)(O)OP(=O)(O)OC[C@H]3O[C@@H](n4cnc5c(N)ncnc54)[C@H](O)[C@@H]3O)c2cc1C,0,0,0
642,C[N+](C)(C)CC=O,0,0,0
643,CC(N)C(=O)O,0,0,0
644,C[C@H](N)C(=O)O,0,0,0
645,C[C@@H](N)C(=O)O,0,0,0
646,C[C@]12CC[C@H](O)CC1=CC[C@@H]1[C@@H]2CC[C@]2(C)C(=O)CC[C@@H]12,0,0,0
647,O=C1OC(=O)c2ccccc21,0,0,0
648,C[C@]12C=CC(=O)C=C1CC[C@H]1[C@@H]3C[C@@H](O)[C@](O)(C(=O)CO)[C@@]3(C)C[C@H](O)[C@@]12F,0,0,0
649,Oc1c[nH]c2ccccc12,0,0,0
650,Cc1cccc(CCN2CCC(C(=O)c3ccc(NS(C)(=O)=O)cc3)CC2)n1,0,0,0
651,O=C(O)c1ccc(OS(=O)(=O)O)cc1,0,0,0
652,CC1(C)CCC2(C(=O)O)CCC3(C)C(=CCC4C5(C)CCC(OC6OC(C(=O)O)C(O)C(OC7OC(CO)C(O)C(O)C7O)C6O)C(C)(C)C5CCC43C)C2C1,0,0,0
653,O=C(O)c1cccc(O)c1O,0,0,0
654,N#CCc1c[nH]c2ccccc12,0,0,0
655,CC(=O)OC[C@H](N)C(=O)O,0,0,0
656,Cc1nc(=O)c2cc(CN(C)c3ccc(C(=O)N[C@@H](CCC(=O)O)C(=O)O)s3)ccc2[nH]1,0,0,0
657,COC(=O)C1=C(C)NC(C)=C(C(=O)OC(C)C)C1c1cccc2nonc12,0,0,0
658,CC1=CC[C@H](C(C)(C)O)CC1,0,0,0
659,OCCN1CCN(CCCN2c3ccccc3Sc3ccc(Cl)cc32)CC1,0,0,0
660,CC(=O)[C@H]1CC[C@H]2[C@@H]3C[C@H](C)C4=CC(=O)CC[C@]4(C)[C@H]3[C@@H](O)C[C@]12C,0,0,0
661,N#Cc1c(Cl)cccc1Cl,0,0,0
662,CCSCc1ccccc1OC(O)=NC,0,0,0
663,O[Cl+2](O)O,0,0,0
664,CN(C)N=O,0,0,0
665,O=C(O)[C@@H](O)[C@H](O)[C@H](O)[C@@H](O)C(=O)O,0,0,0
666,O=C(O)[C@@H](O)[C@@H](O)[C@H](O)[C@@H](O)C(=O)O,0,0,0
667,COc1ccc(-c2cc(=O)c3c(OC)c(OC)c(OC)c(OC)c3o2)cc1,0,0,0
668,O=c1cc(-c2ccc(O)c(O)c2)oc2cc(O[C@@H]3O[C@H](CO)[C@@H](O)[C@H](O)[C@H]3O)cc(O)c12,0,0,0
669,O=c1cc(-c2ccc(O)c(O)c2)oc2cc(OC3OC(CO)C(O)C(O)C3O)cc(O)c12,0,0,0
670,Cc1ncc(C[n+]2csc(CCO)c2C)c(N)n1,0,0,0
671,CCOC(=O)C(C)Oc1ccc(Oc2cnc3cc(Cl)ccc3n2)cc1,0,0,0
672,COc1ccc(C=CC(=O)c2c(O)cc(OC3OC(COC4OC(C)C(O)C(O)C4O)C(O)C(O)C3O)cc2OC)cc1O,0,0,0
673,COc1cc(Cc2cnc(N)nc2N)cc(OC)c1OC,0,0,0
674,C=C(c1ccc(C(=O)O)cc1)c1cc2c(cc1C)C(C)(C)CCC2(C)C,0,0,0
675,Nc1ccn([C@@H]2O[C@H](COP(=O)(O)O)[C@@H](O)[C@H]2O)c(=O)n1,0,0,0
676,O=C(NCC1CCCCN1)c1cc(OCC(F)(F)F)ccc1OCC(F)(F)F,0,0,0
677,CN/C(=N\[N+](=O)[O-])NCc1cnc(Cl)s1,0,0,0
678,CCCCC[C@H](O)/C=C/[C@H]1[C@H](O)CC(=O)[C@@H]1C/C=C\CCCC(=O)O,0,0,0
679,Nc1ccc(O)c([N+](=O)[O-])c1,0,0,0
680,NCCCC(=O)O,0,0,0
681,CCCCC(O)C(=O)O,0,0,0
682,O=c1cc(-c2ccc(O)cc2)oc2cc(O)c(C3OC(CO)C(O)C(O)C3O)c(O)c12,0,0,0
683,OC1CCN2Cc3ccccc3N=C12,0,0,0
684,CC1OC(OC2CCC3(C)C(CCC4(C)C3C=CC35OCC6(CCC(C)(C)CC63)C(O)CC45C)C2(C)CO)C(O)C(OC2OC(CO)C(O)C(O)C2O)C1O,0,0,0
685,C=C(C)C(O)Cc1c(OC)ccc2ccc(=O)oc12,0,0,0
686,Cc1cn(C2CCC(CO)O2)c(=O)[nH]c1=O,0,0,0
687,Oc1ccc(Cl)cc1,0,0,0
688,C/C(=C/C(=O)O)C(=O)O,0,0,0
689,C/C(=C\C(=O)O)C(=O)O,0,0,0
690,O=c1c(-c2ccc(O)cc2)coc2cc(O)ccc12,0,0,0
691,CC1CCC2(C(=O)O)CCC3(C)C(=CCC4C5(C)CC(O)C(O)C(C)(CO)C5CCC43C)C2C1C,0,0,0
692,CCC1=C(C)CN(C(=O)NCCc2ccc(S(=O)(=O)NC(=O)NC3CCC(C)CC3)cc2)C1=O,0,0,0
693,CCCCCCC(O)CCCCCCCCCCC(=O)O,0,0,0
694,CN(Cc1cnc2nc(N)nc(N)c2n1)c1ccc(C(=O)N[C@@H](CCC(=O)O)C(=O)O)cc1,0,0,0
695,CN(Cc1cnc2nc(N)nc(N)c2n1)c1ccc(C(=O)NC(CCC(=O)O)C(=O)O)cc1,0,0,0
696,COC(=O)[C@H]1[C@H]2C[C@@H]3c4[nH]c5cc(OC)ccc5c4CCN3C[C@H]2C[C@@H](OC(=O)c2cc(OC)c(OC)c(OC)c2)[C@@H]1OC,0,0,0
697,COC(=O)C1C2CC3c4[nH]c5cc(OC)ccc5c4CCN3CC2CC(OC(=O)c2cc(OC)c(OC)c(OC)c2)C1OC,0,0,0
698,O=C(O)CCc1cccc(OS(=O)(=O)O)c1,0,0,0
699,C[C@]12CC[C@H](O)C[C@@H]1CC[C@@H]1[C@@H]2CC[C@]2(C)[C@@H](O)CC[C@@H]12,0,0,0
700,CC(=O)NCCCNCCCCNCCCN,0,0,0
701,O=c1[nH]sc2ccccc12,0,0,0
702,OC[C@H]1O[C@@H](Oc2cc3c(O)cc(O)cc3[o+]c2-c2ccc(O)cc2)[C@H](O)[C@@H](O)[C@@H]1O,0,0,0
703,COC(=O)c1ccccc1O,0,0,0
704,CCCCCC/C=C\CCCCCCCCCCCC(=O)O,0,0,0
705,C[C@]12CCC(=O)C=C1CC[C@@H]1[C@@H]2C(=O)C[C@@]2(C)[C@H]1CC[C@]2(O)C(=O)CO,0,0,0
706,Nc1nc2c(ncn2[C@@H]2O[C@H](COP(=O)(O)OP(=O)(O)O[C@H]3O[C@H](CO)[C@@H](O)[C@H](O)[C@@H]3O)[C@@H](O)[C@H]2O)c(=O)[nH]1,0,0,0
707,CN(C)CCc1ccc(O)cc1,0,0,0
708,O=c1nc2[nH][nH]cc-2c(=O)[nH]1,0,0,0
709,CN1CCC(=C2c3ccccc3CC(=O)c3sccc32)CC1,0,0,0
710,Nc1ccn([C@@H]2O[C@H](CO)[C@@H](O)C2(F)F)c(=O)n1,0,0,0
711,COc1cc(O)cc2c1C(=O)CC(c1ccccc1)O2,0,0,0
712,Nc1nc2ccc(Cl)cc2c2nc(-c3ccco3)nn12,0,0,0
713,CN/C(=C\[N+](=O)[O-])NCCSCc1csc(CN(C)C)n1,0,0,0
714,Cn1c(N)nc2c3cccnc3ccc21,0,0,0
715,CC(C)C[C@H](N)C(=O)N[C@@H](C)C(=O)O,0,0,0
716,CCN(CC)CCOC(=O)c1ccc(N)cc1,0,0,0
717,CCCCCC1CCCC(=O)O1,0,0,0
718,CC(C)C[C@H](N)C(=O)O,0,0,0
719,O=C(O)CO,0,0,0
720,O=C1CC(c2ccc(O)c(O)c2)Oc2cc(OC3OC(CO)C(O)C(O)C3O)cc(O)c21,0,0,0
721,CC(O)=Nc1c(I)c(C(=O)O)c(I)c(C(O)=NCCO)c1I,0,0,0
722,CC(N)c1ccccc1,0,0,0
723,O=S(=O)(O)C(F)(F)C(F)(F)C(F)(F)C(F)(F)C(F)(F)C(F)(F)C(F)(F)C(F)(F)C(F)(F)C(F)(F)F,0,0,0
724,CC(C)[C@@H]1CC[C@@H](C)CC1=O,0,0,0
725,CC1=C(/C=C/C(C)=C/C=C/C(C)=C/C=C/C=C(C)/C=C/C=C(C)/C=C/C2=C(C)C[C@@H](O)CC2(C)C)C(C)(C)C[C@H](O)C1,0,0,0
726,O=C1CC(C(=O)O)NC(=O)N1,0,0,0
727,O=C1C[C@@H](C(=O)O)NC(=O)N1,0,0,0
728,FC(F)C(F)(F)OCC(Cn1cncn1)c1ccc(Cl)cc1Cl,0,0,0
729,CC(C)=CCCC(C)(OC1OC(COC2OCC(O)C(O)C2O)C(O)C(O)C1O)C1CCC2(C)C1C(O)CC1C3(C)CCC(OC4OC(CO)C(O)C(O)C4OC4OC(CO)C(O)C(O)C4O)C(C)(C)C3CCC12C,0,0,0
730,O=C(NC(Cc1cc(O)nc2ccccc12)C(=O)O)c1ccc(Cl)cc1,0,0,0
731,c1ccc2nc3ccccc3nc2c1,0,0,0
732,CCCCCCCCCCCCCCC(=O)O,0,0,0
733,CCCCCCCCOC(=O)c1ccccc1C(=O)OCCCCCCCC,0,0,0
734,COc1ccc(C(=O)O)cc1,0,0,0
735,CCN=c1nc(OC)[nH]c(=NC(C)C)[nH]1,0,0,0
736,CC(=O)NCCCS(=O)(=O)O,0,0,0
737,COc1cc(C=O)cc(OC)c1O,0,0,0
738,CCCC(=O)c1cc(O)c(O)cc1O,0,0,0
739,Nc1ccc(S(N)(=O)=O)cc1,0,0,0
740,CCCCCc1cc(O)c2c(c1)OC(C)(C)c1ccc(C)cc1-2,0,0,0
741,Cc1cn([C@@H]2O[C@H](CO)[C@@H](O)[C@H]2O)c(=O)[nH]c1=O,0,0,0
742,CCOC(O)=NC(S)=Nc1ccccc1N=C(S)N=C(O)OCC,0,0,0
743,O=C/C=C/c1ccc(O)cc1,0,0,0
744,O=c1c(OC2OC(CO)C(O)C(O)C2OC2OC(CO)C(O)C(O)C2O)c(-c2ccc(O)cc2)oc2cc(O)cc(O)c12,0,0,0
745,Nc1ncnc2c1ncn2[C@@H]1O[C@H](CO)[C@@H](OP(=O)(O)O)[C@H]1O,0,0,0
746,C[Si](Cn1cncn1)(c1ccc(F)cc1)c1ccc(F)cc1,0,0,0
747,CC(=O)Oc1ccc(C=Cc2cc(OC(C)=O)cc(OC(C)=O)c2)cc1,0,0,0
748,N[C@@H](CO)C(=O)NCC(=O)O,0,0,0
749,N#Cc1nn(-c2c(Cl)cc(C(F)(F)F)cc2Cl)c(N)c1S(=O)C(F)(F)F,0,0,0
750,NC[C@H](O)c1ccc(O)cc1,0,0,0
751,CN1CCC2(C)c3cc(O)ccc3N(C)C12,0,0,0
752,O=C1NCN(c2ccccc2)C12CCN(CCCC(c1ccc(F)cc1)c1ccc(F)cc1)CC2,0,0,0
753,CCCCC(C#N)(Cn1cncn1)c1ccc(Cl)cc1,0,0,0
754,O=C(O)c1cccc(OS(=O)(=O)O)c1,0,0,0
755,CCCC(=O)O[C@H](CC(=O)[O-])C[N+](C)(C)C,0,0,0
756,COc1cc(/C=C/C(=O)Nc2ccc(O)cc2C(=O)O)ccc1O,0,0,0
757,Cc1nc2ccccc2s1,0,0,0
758,CC(C)(N)C(=O)O,0,0,0
759,C[C@@H]1C[C@H]2[C@@H]3C[C@H](F)C4=CC(=O)C=C[C@]4(C)[C@@]3(F)[C@@H](O)C[C@]2(C)[C@@]1(O)C(=O)COC(=O)C(C)(C)C,0,0,0
760,COc1cc2oc(-c3ccc(O)cc3O)c(CC=C(C)C)c(=O)c2c(O)c1/C=C/C(C)C,0,0,0
761,CN1CC2CC1CN2c1cc2c(cc1F)c(=O)c(C(=O)O)cn2C1CC1,0,0,0
762,O=C1CC[C@@]2(O)[C@H]3Cc4ccc(O)c5c4[C@@]2(CCN3CC2CC2)[C@H]1O5,0,0,0
763,CCN(Cc1ccncc1)C(=O)C(CO)c1ccccc1,0,0,0
764,CCC1(CC)C(=O)NCC(C)C1=O,0,0,0
765,O=c1cc(O)c2ccc(O)cc2o1,0,0,0
766,COC1=CC=C2C3Cc4ccc(OC)c5c4C2(CCN3C)C1O5,0,0,0
767,COc1cc(C)c(/C=C/C(C)=C/C=C/C(C)=C\C(=O)O)c(C)c1C,0,0,0
768,COc1cc(C)c(/C=C/C(C)=C/C=C/C(C)=C/C(=O)O)c(C)c1C,0,0,0
769,CC1(C)O[C@@H]2C[C@H]3[C@@H]4C[C@H](F)C5=CC(=O)C=C[C@]5(C)[C@H]4[C@@H](O)C[C@]3(C)[C@]2(C(=O)CO)O1,0,0,0
770,Cc1c(O)cccc1C(=O)N[C@@H](CSc1ccccc1)[C@H](O)CN1C[C@H]2CCCC[C@H]2C[C@H]1C(=O)NC(C)(C)C,0,0,0
771,CC1Cc2ccccc2N1NC(=O)c1ccc(Cl)c(S(N)(=O)=O)c1,0,0,0
772,CCN(CC)CCCC(C)Nc1c2ccc(Cl)cc2nc2ccc(OC)cc12,0,0,0
773,CCCCC/C=C\C=C\CCCCCCCCC(=O)O,0,0,0
774,CC(=O)N[C@H](C(=O)O)[C@@H](C)O,0,0,0
775,CC(=O)Nc1nnc(S(N)(=O)=O)s1,0,0,0
776,CCCCNc1cc(C(=O)O)cc(S(N)(=O)=O)c1Oc1ccccc1,0,0,0
